feature,mean_shap_Arunachal Pradesh,mean_abs_shap_Arunachal Pradesh,mean_shap_Assam,mean_abs_shap_Assam,mean_shap_Manipur,mean_abs_shap_Manipur,mean_shap_Meghalaya,mean_abs_shap_Meghalaya,mean_shap_Mizoram,mean_abs_shap_Mizoram,mean_shap_Nagaland,mean_abs_shap_Nagaland,mean_shap_Tripura,mean_abs_shap_Tripura,consistency_flag,max_mag_ratio
elevation_m,0.5277984738349915,0.7387781739234924,-0.6466233134269714,0.6881943345069885,0.7121330499649048,0.7272858023643494,0.008406048640608788,0.00895420927554369,0.0006838973495177925,0.00103092473000288,0.466375470161438,0.5780738592147827,-0.002505925251170993,0.002642914652824402,SIGN_FLIP,716.6170043945312
slope_degrees,0.029799604788422585,0.05237763375043869,-0.30077654123306274,0.3245690166950226,0.10362976044416428,0.14392933249473572,0.0,0.0,0.0,0.0,0.15017876029014587,0.17617319524288177,0.0,0.0,SIGN_FLIP,3245690112.0
terrain_roughness,0.0075248293578624725,0.013092727400362492,-0.0695100650191307,0.08540560305118561,0.036747101694345474,0.047917984426021576,0.0,0.0,0.0,0.0,0.04164792224764824,0.048882462084293365,0.0,0.0,SIGN_FLIP,854056000.0
max_daily_rainfall_mm,0.2923465073108673,0.4984491467475891,0.058513712137937546,0.29584529995918274,0.33420178294181824,0.33527371287345886,-0.03216850012540817,0.03899337351322174,-0.004616177640855312,0.013173984363675117,0.09036055207252502,0.19963447749614716,-0.021471353247761726,0.03034793585538864,SIGN_FLIP,37.83586883544922
mean_daily_rainfall_mm,0.06514829397201538,0.13269872963428497,-0.023720907047390938,0.4870988428592682,0.004232981242239475,0.056631214916706085,0.013683386147022247,0.016149982810020447,-0.0015190851408988237,0.00410882756114006,0.013252698816359043,0.06441957503557205,0.003922679461538792,0.007734190672636032,SIGN_FLIP,118.54935455322266
rainfall_90th_percentile_mm,0.035653479397296906,0.13936847448349,0.18002350628376007,0.38966047763824463,0.09081320464611053,0.20652124285697937,-0.0024553907569497824,0.005154073238372803,0.0004000822955276817,0.00047347904182970524,0.2123757004737854,0.22778438031673431,0.0002338548074476421,0.0006416031974367797,SIGN_FLIP,822.9730224609375
rainfall_95th_percentile_mm,0.05345824733376503,0.2059464156627655,0.12258672714233398,0.3110317289829254,0.21262972056865692,0.21401682496070862,-0.0008095495286397636,0.0031619344372302294,0.026749739423394203,0.02683718502521515,0.31857985258102417,0.325298011302948,0.05161288380622864,0.060753848403692245,SIGN_FLIP,102.87943267822266
rain_days_per_year,0.16799362003803253,0.234751895070076,-0.33738622069358826,0.6138983964920044,-0.2866054177284241,0.30452075600624084,0.026574045419692993,0.03440318629145622,0.005442449823021889,0.00907081551849842,0.10450577735900879,0.14125119149684906,0.0169209111481905,0.02145748771727085,SIGN_FLIP,67.67841339111328
dist_to_nearest_road_km,-0.003077459754422307,0.027529019862413406,0.030066920444369316,0.09563888609409332,0.009376800619065762,0.02663848176598549,1.0608655429678038e-05,1.5062212696648203e-05,-1.2067655916325748e-05,0.00010264511365676299,0.013539406470954418,0.017339378595352173,0.00012048362987115979,0.000665969040710479,SIGN_FLIP,6349.5908203125
dist_to_nearest_river_km,0.028050316497683525,0.06310402601957321,-0.001316684647463262,0.0703333392739296,0.024985847994685173,0.03897559642791748,0.0,0.0,0.0,0.0,0.015844501554965973,0.03065200336277485,-0.00024543912149965763,0.00044257694389671087,SIGN_FLIP,703333376.0
dist_to_nearest_hospital_km,-0.009329495020210743,0.07662694156169891,0.40054526925086975,0.4185367822647095,0.1282191425561905,0.17452605068683624,0.003085725475102663,0.00336666451767087,8.363271626876667e-05,0.004849870689213276,0.1647009700536728,0.19933059811592102,0.006707502529025078,0.006797768175601959,SIGN_FLIP,124.31793212890625
dist_to_nearest_school_km,-0.061775676906108856,0.18126700818538666,0.25772854685783386,0.40197256207466125,0.07671742141246796,0.2005787342786789,0.0,0.0,0.0,0.0,0.07310403138399124,0.16994142532348633,0.0001558172079967335,0.0006973744020797312,SIGN_FLIP,4019725568.0
road_density_5km,-0.027779502794146538,0.10954555869102478,0.6841598153114319,0.7910873293876648,0.04137720912694931,0.13763269782066345,-0.0001634695945540443,0.00031014400883577764,0.0002431054599583149,0.0018529457738623023,0.009589253924787045,0.07008585333824158,-6.548921373905614e-05,0.000618274905718863,SIGN_FLIP,2550.709716796875
is_lowland,-0.0020985244773328304,0.006110474932938814,0.000964222417678684,0.0016287307953462005,0.007300014607608318,0.008687399327754974,0.0,0.0,0.0,0.0,-0.003957039210945368,0.006310705561190844,0.0,0.0,SIGN_FLIP,86873992.0
near_major_river,0.0,0.0,-0.00019864032219629735,0.0015798003878444433,7.048575935186818e-05,9.024961764225736e-05,0.0,0.0,0.0,0.0,0.00029894057661294937,0.00078158441465348,0.0,0.0,SIGN_FLIP,15798004.0
Total Geographical Area (in Hectares),0.03563621640205383,0.03935934603214264,-0.07368598133325577,0.09044244140386581,0.06753703951835632,0.07748723775148392,0.0,0.0,0.0,0.0,0.024748370051383972,0.0322028286755085,3.0592564144171774e-05,0.0013087958795949817,SIGN_FLIP,904424384.0
Total Population of Village,-0.0017672559479251504,0.003946198616176844,-0.02414480783045292,0.05830579251050949,0.009538285434246063,0.021217290312051773,0.0,0.0,-0.00017898868827614933,0.0007442046189680696,0.014160347171127796,0.020347272977232933,3.708559233928099e-05,3.8950809539528564e-05,SIGN_FLIP,583057920.0
Tap Water-Treated (Status A(1)/NA(2)),-7.97396496636793e-05,0.00010002760245697573,0.004435635171830654,0.007932637818157673,-0.0014109564945101738,0.0020323856733739376,0.0,0.0,0.0,0.0,0.0,0.0,0.0,0.0,SIGN_FLIP,79326376.0
Tap Water-Treated Functioning All round the year (Status A(1)/NA(2)),0.0,0.0,0.0005745982634834945,0.001433660858310759,1.1207129318790976e-05,0.00020613697415683419,0.0,0.0,0.0,0.0,0.0,0.0,0.0,0.0,SIGN_FLIP,14336608.0
Tap Water-Treated Functioning in Summer months (April-September) (Status A(1)/NA(2)),0.0,0.0,0.00032576368539594114,0.005862076301127672,0.0,0.0,0.0,0.0,0.0,0.0,0.0,0.0,0.0,0.0,SIGN_FLIP,58620764.0
Tap Water Untreated (Status A(1)/NA(2)),9.409652557224035e-05,0.0001538181968498975,-0.0007424700888805091,0.002537497552111745,0.0006938542355783284,0.0018131970427930355,0.0,0.0,0.0,0.0,7.744882896076888e-05,0.0007405690848827362,0.0,0.0,SIGN_FLIP,25374976.0
Tap Water Untreated Functioning All round the year (Status A(1)/NA(2)),0.0,0.0,-0.0012857438996434212,0.005946215707808733,0.0,0.0,0.0,0.0,0.0,0.0,-1.8565162463346496e-05,3.385141462786123e-05,0.0,0.0,SIGN_FLIP,59462156.0
Tap Water Untreated Functioning in Summer months (April-September) (Status A(1)/NA(2)),4.626814552466385e-05,4.805119169759564e-05,-0.0002393292379565537,0.005902864504605532,1.708081254037097e-05,0.00010857869347091764,0.0,0.0,0.0,0.0,-0.00014747817476745695,0.00023412122391164303,0.0,0.0,SIGN_FLIP,59028644.0
Covered Well (Status A(1)/NA(2)),0.0,0.0,0.002108220709487796,0.004546107724308968,0.0,0.0,0.0,0.0,0.0,0.0,0.0,0.0,0.0,0.0,SIGN_FLIP,45461076.0
Covered Well Functioning All round the year (Status A(1)/NA(2)),0.0,0.0,-0.000868528033606708,0.0032924122642725706,0.0,0.0,0.0,0.0,0.0,0.0,0.00014734822616446763,0.00023954067728482187,0.0,0.0,SIGN_FLIP,32924122.0
Covered Well Functioning in Summer months (April-September) (Status A(1)/NA(2)),0.0,0.0,0.01562589220702648,0.022097455337643623,0.0,0.0,0.0,0.0,0.0,0.0,-0.0010753378737717867,0.0015900041908025742,0.0,0.0,SIGN_FLIP,220974544.0
Uncovered  Well (Status A(1)/NA(2)),-0.0007616843795403838,0.0010089577408507466,0.003378844354301691,0.010265214368700981,1.2788591448043007e-05,0.00011013100447598845,0.0,0.0,0.0,0.0,6.0024722188245505e-05,0.0008119388949126005,0.0,0.0,SIGN_FLIP,102652144.0
Uncovered  Well Functioning All round the year (Status A(1)/NA(2)),0.0021757304202765226,0.002388511085882783,0.008507850579917431,0.010118085891008377,-0.0028325263410806656,0.005102934315800667,0.0,0.0,0.0,0.0,0.000416764261899516,0.0008688541711308062,0.0,0.0,SIGN_FLIP,101180856.0
Uncovered  Well Functioning in Summer months (April-September) (Status A(1)/NA(2)),0.001529010245576501,0.0016379791777580976,0.03268442675471306,0.047148436307907104,-0.0033452394418418407,0.0063611483201384544,0.0,0.0,0.0,0.0,0.003090109908953309,0.003090109908953309,0.0,0.0,SIGN_FLIP,471484352.0
Hand Pump (Status A(1)/NA(2)),-1.6016601875890046e-05,0.0005348521517589688,-0.12386737018823624,0.1376974880695343,0.003596134018152952,0.004014300648123026,0.0,0.0,0.0,0.0,0.00027753703761845827,0.0006345498841255903,0.0,0.0,SIGN_FLIP,1376974848.0
Hand Pump Functioning All round the year (Status A(1)/NA(2)),7.694022497162223e-05,7.954989996505901e-05,0.011884002946317196,0.03668348491191864,0.01602763682603836,0.020516155287623405,0.0,0.0,0.0,0.0,-0.009957844391465187,0.009973665699362755,0.0,0.0,SIGN_FLIP,366834848.0
Hand Pump Functioning in Summer months (April-September) (Status A(1)/NA(2)),-0.0017521126428619027,0.002547615207731724,0.008349524810910225,0.01705952174961567,0.010156593285501003,0.010688343085348606,0.0,0.0,0.0,0.0,-0.004629683215171099,0.004641812760382891,0.0,0.0,SIGN_FLIP,170595216.0
Tube Wells/Borehole (Status A(1)/NA(2)),0.00011969430488534272,0.0001345828059129417,-0.05221998319029808,0.06908293813467026,0.00010429471149109304,0.00013543029490392655,0.0,0.0,0.0,0.0,0.00011692451516864821,0.0009488440700806677,0.0,0.0,SIGN_FLIP,690829376.0
Tube Wells/Borehole Functioning All round the year (Status A(1)/NA(2)),-0.004797772970050573,0.005682480987161398,0.008319047279655933,0.012164811603724957,0.009309370070695877,0.010065094567835331,0.0,0.0,0.0,0.0,0.0016671600751578808,0.016178514808416367,0.0,0.0,SIGN_FLIP,161785152.0
Tube Wells/Borehole Functioning in Summer months (April-September) (Status A(1)/NA(2)),-0.0008324558730237186,0.0008338394691236317,0.0007782843895256519,0.0020553276408463717,0.0009570214315317571,0.00108725402969867,0.0,0.0,0.0,0.0,0.00024441981804557145,0.004065033048391342,0.0,0.0,SIGN_FLIP,40650328.0
Spring (Status A(1)/NA(2)),2.530818346713204e-05,0.00026893659378401935,-0.00044181940029375255,0.004843361675739288,0.000193120984476991,0.00024214161385316402,0.0,0.0,0.0,0.0,1.1109723345725797e-05,0.00012668278941418976,0.0,0.0,SIGN_FLIP,48433616.0
Spring Functioning All round the year (Status A(1)/NA(2)),8.261672519438434e-06,0.0003357691748533398,-0.0009252142044715583,0.006026681512594223,0.0006261804956011474,0.0011007646098732948,0.0,0.0,0.0,0.0,0.00017215576372109354,0.000764496682677418,0.0,0.0,SIGN_FLIP,60266816.0
Spring Functioning in Summer months (April-September) (Status A(1)/NA(2)),-0.00019158923532813787,0.0002955719828605652,0.00052346580196172,0.006288248114287853,-0.0002528731420170516,0.00026812273426912725,0.0,0.0,0.0,0.0,0.0001945570984389633,0.0005054972716607153,0.0,0.0,SIGN_FLIP,62882480.0
Black Topped (pucca) Road (Status A(1)/NA(2)),0.00015647796681150794,0.0012532591354101896,-0.012888976372778416,0.03191450983285904,9.06064724404132e-06,5.2453156968113035e-05,0.0,0.0,0.0,0.0,5.922565378568834e-06,0.00014216544514056295,0.0,0.0,SIGN_FLIP,319145088.0
All Weather Road (Status A(1)/NA(2)),-0.0005332431173883379,0.000967540720012039,-0.029363660141825676,0.06972917169332504,0.0006372794741764665,0.0020621600560843945,0.0,0.0,1.7220105291926302e-05,8.082617569016293e-05,8.354583769687451e-06,0.003937581554055214,6.64206309011206e-05,6.64206309011206e-05,SIGN_FLIP,697291712.0
Power Supply For Domestic Use  (Status A(1)/NA(2)),-0.004285095725208521,0.010794383473694324,0.015462305396795273,0.04469837620854378,0.002903348533436656,0.004676706623286009,0.0,0.0,0.0,0.0,0.008991622366011143,0.012517979368567467,0.0,0.0,SIGN_FLIP,446983744.0
Power Supply For Domestic Use Summer (April-Sept.) per day (in Hours),-0.0006381868734024465,0.006688077002763748,0.08476603031158447,0.12242191284894943,-0.008681995794177055,0.01194886863231659,0.0,0.0,0.0,0.0,-0.004272586200386286,0.019133344292640686,0.0,0.0,SIGN_FLIP,1224219136.0
Power Supply For Domestic Use Winter (Oct.-March) per day (in Hours),-0.0019103934755548835,0.004095087759196758,-0.03808186203241348,0.05975610017776489,-0.0033043166622519493,0.014331570826470852,0.00010027671669377014,0.0001744772889651358,-6.040286098141223e-05,0.0003857982228510082,0.005744372960180044,0.014605823904275894,0.00016300917195621878,0.0003913579566869885,SIGN_FLIP,342.4864196777344
Power Supply For Agriculture Use (Status A(1)/NA(2)),-7.028656546026468e-05,8.856881322572008e-05,-0.0010112370364367962,0.001756084500811994,0.000822199450340122,0.000826593313831836,0.0,0.0,0.0,0.0,-6.488645158242434e-05,8.639913721708581e-05,0.0,0.0,SIGN_FLIP,17560844.0
Power Supply For Agriculture Use Summer (April-Sept.) per day (in Hours),6.537037552334368e-05,0.0038331649266183376,0.0034197145141661167,0.011998108588159084,0.0009255165350623429,0.0009391108178533614,-0.000245200062636286,0.000245200062636286,-0.0003705300041474402,0.0003705300041474402,-0.00013585954729933292,0.0007659262628294528,-0.0009407965117134154,0.0015016163233667612,SIGN_FLIP,48.931915283203125
Power Supply For Agriculture Use Winter (Oct.-March)per day (in Hours),0.01435130462050438,0.016090862452983856,-0.00023197235714178532,0.011506381444633007,0.00382833369076252,0.00382833369076252,0.0008760604541748762,0.0008760604541748762,0.0018802881240844727,0.0018802881240844727,0.010441262274980545,0.010989360511302948,-0.003309455933049321,0.0062645659781992435,SIGN_FLIP,18.36729621887207
Power Supply For Commercial Use (Status A(1)/NA(2)),0.0,0.0,0.00289722578600049,0.003705219831317663,-0.00021703301172237843,0.0006681355298496783,0.0,0.0,0.0,0.0,0.0,0.0,0.0,0.0,SIGN_FLIP,37052196.0
Power Supply For Commercial Use Summer (April-Sept.) per day (in Hours),-0.0009032079251483083,0.0009570636902935803,0.0003962605551350862,0.004512414336204529,-0.00026270808302797377,0.00033576643909327686,-8.759924094192684e-05,0.0001851057168096304,0.0,0.0,1.189826798508875e-05,0.0003621227515395731,0.0,0.0,SIGN_FLIP,45124144.0
Power Supply For Commercial Use Winter (Oct.-March) per day (in Hours),-0.0006896749255247414,0.0010454909643158317,0.0008876684005372226,0.00775977224111557,0.00016590792802162468,0.00016593038162682205,0.0,0.0,0.0,0.0,-0.00036898686084896326,0.0008758091134950519,0.0,0.0,SIGN_FLIP,77597720.0
Power Supply For All Users (Status A(1)/NA(2)),-0.0002215602871729061,0.0006253483006730676,-0.0020481105893850327,0.002500744303688407,-0.0006936151767149568,0.0007540233200415969,0.0,0.0,0.0,0.0,-0.0029572458006441593,0.003039754694327712,0.0,0.0,SIGN_FLIP,30397546.0
Power Supply For All Users Summer (April-Sept.) per day (in Hours),-0.003604422090575099,0.0037731612101197243,-0.0026088571175932884,0.011491966433823109,-0.00038669732748530805,0.0004163114062976092,0.0,0.0,0.0,0.0,-0.009607427753508091,0.010386997833848,0.0,0.0,SIGN_FLIP,114919664.0
Power Supply For All Users Winter (Oct.-March) per day (in Hours),3.8057904021115974e-05,0.0012573887361213565,0.01088136900216341,0.05242219567298889,-0.0023376639001071453,0.0023416592739522457,0.0,0.0,0.0,0.0,0.0005594200338236988,0.0007867348031140864,0.0,0.0,SIGN_FLIP,524221952.0
Wells/Tube Wells Area (in Hectares),0.0,0.0,-0.0077142189256846905,0.013315639458596706,-9.131239494308829e-05,9.16405551834032e-05,0.0,0.0,0.0,0.0,-0.0002501050475984812,0.0002501050475984812,0.0,0.0,SIGN_FLIP,133156392.0
Whether Drain water is discharged directly into water bodies or to sewar plant (For Water Bodies-1/Sewar Plants-2),-0.0012040510773658752,0.004406082909554243,-0.00397033104673028,0.04290322586894035,-0.0013210780452936888,0.0019324111053720117,-0.00030215669539757073,0.0012112606782466173,0.0,0.0,-0.00101002911105752,0.0024417731910943985,0.0,0.0,SIGN_FLIP,429032256.0
Waterfall Area (in Hectares),0.0,0.0,0.0,0.0,0.0,0.0,0.0,0.0,0.0,0.0,0.0,0.0,0.0,0.0,CONSISTENT,0.0
Forest Area (in Hectares),-0.0008964017033576965,0.002118533942848444,-0.0024186966475099325,0.021602429449558258,-0.003613084787502885,0.0041235522367060184,0.0,0.0,0.0,0.0,-0.0010950207943096757,0.003251424990594387,0.0,0.0,SIGN_FLIP,216024288.0
Barren & Un-cultivable Land Area (in Hectares),0.0008424544357694685,0.0018764507258310914,-0.04707035422325134,0.09820359945297241,-0.00031873505213297904,0.022422902286052704,-0.00027430636691860855,0.00027430636691860855,-0.00018470485520083457,0.00018470485520083457,0.0016973132733255625,0.0026155912782996893,0.0,0.0,SIGN_FLIP,982035968.0
Fallows Land other than Current Fallows Area (in Hectares),0.0016550027066841722,0.0025609361473470926,-0.029428688809275627,0.04391339421272278,0.005217843689024448,0.009930226020514965,0.0,0.0,-4.344343324191868e-05,4.344343324191868e-05,-0.0034892733674496412,0.030683038756251335,0.0,0.0,SIGN_FLIP,439133952.0
Current Fallows Area (in Hectares),0.01359978411346674,0.020748132839798927,0.009990840218961239,0.021512437611818314,0.014825280755758286,0.01679113879799843,0.0026761956978589296,0.00268245255574584,0.000701796670909971,0.000701796670909971,0.005659040063619614,0.014087840914726257,0.0,0.0,SIGN_FLIP,215124368.0
